entity,density\np_km2
Afghanistan,60
Afghanistan,60
Afghanistan,60
Afghanistan,60
Afghanistan,60
Afghanistan,60
Afghanistan,60
Afghanistan,60
Afghanistan,60
Afghanistan,60
Afghanistan,60
Afghanistan,60
Afghanistan,60
Afghanistan,60
Afghanistan,60
Afghanistan,60
Afghanistan,60
Afghanistan,60
Afghanistan,60
Afghanistan,60
Afghanistan,60
Albania,105
Albania,105
Albania,105
Albania,105
Albania,105
Albania,105
Albania,105
Albania,105
Albania,105
Albania,105
Albania,105
Albania,105
Albania,105
Albania,105
Albania,105
Albania,105
Albania,105
Albania,105
Albania,105
Albania,105
Albania,105
Algeria,18
Algeria,18
Algeria,18
Algeria,18
Algeria,18
Algeria,18
Algeria,18
Algeria,18
Algeria,18
Algeria,18
Algeria,18
Algeria,18
Algeria,18
Algeria,18
Algeria,18
Algeria,18
Algeria,18
Algeria,18
Algeria,18
Algeria,18
Algeria,18
Angola,26
Angola,26
Angola,26
Angola,26
Angola,26
Angola,26
Angola,26
Angola,26
Angola,26
Angola,26
Angola,26
Angola,26
Angola,26
Angola,26
Angola,26
Angola,26
Angola,26
Angola,26
Angola,26
Angola,26
Angola,26
Antigua and Barbuda,223
Antigua and Barbuda,223
Antigua and Barbuda,223
Antigua and Barbuda,223
Antigua and Barbuda,223
Antigua and Barbuda,223
Antigua and Barbuda,223
Antigua and Barbuda,223
Antigua and Barbuda,223
Antigua and Barbuda,223
Antigua and Barbuda,223
Antigua and Barbuda,223
Antigua and Barbuda,223
Antigua and Barbuda,223
Antigua and Barbuda,223
Antigua and Barbuda,223
Antigua and Barbuda,223
Antigua and Barbuda,223
Antigua and Barbuda,223
Antigua and Barbuda,223
Antigua and Barbuda,223
Argentina,17
Argentina,17
Argentina,17
Argentina,17
Argentina,17
Argentina,17
Argentina,17
Argentina,17
Argentina,17
Argentina,17
Argentina,17
Argentina,17
Argentina,17
Argentina,17
Argentina,17
Argentina,17
Argentina,17
Argentina,17
Argentina,17
Argentina,17
Argentina,17
Armenia,104
Armenia,104
Armenia,104
Armenia,104
Armenia,104
Armenia,104
Armenia,104
Armenia,104
Armenia,104
Armenia,104
Armenia,104
Armenia,104
Armenia,104
Armenia,104
Armenia,104
Armenia,104
Armenia,104
Armenia,104
Armenia,104
Armenia,104
Armenia,104
Aruba,590
Aruba,590
Aruba,590
Aruba,590
Aruba,590
Aruba,590
Aruba,590
Aruba,590
Aruba,590
Aruba,590
Aruba,590
Aruba,590
Aruba,590
Aruba,590
Aruba,590
Aruba,590
Aruba,590
Aruba,590
Aruba,590
Aruba,590
Aruba,590
Australia,3
Australia,3
Australia,3
Australia,3
Australia,3
Australia,3
Australia,3
Australia,3
Australia,3
Australia,3
Australia,3
Australia,3
Australia,3
Australia,3
Australia,3
Australia,3
Australia,3
Australia,3
Australia,3
Australia,3
Australia,3
Austria,109
Austria,109
Austria,109
Austria,109
Austria,109
Austria,109
Austria,109
Austria,109
Austria,109
Austria,109
Austria,109
Austria,109
Austria,109
Austria,109
Austria,109
Austria,109
Austria,109
Austria,109
Austria,109
Austria,109
Austria,109
Azerbaijan,123
Azerbaijan,123
Azerbaijan,123
Azerbaijan,123
Azerbaijan,123
Azerbaijan,123
Azerbaijan,123
Azerbaijan,123
Azerbaijan,123
Azerbaijan,123
Azerbaijan,123
Azerbaijan,123
Azerbaijan,123
Azerbaijan,123
Azerbaijan,123
Azerbaijan,123
Azerbaijan,123
Azerbaijan,123
Azerbaijan,123
Azerbaijan,123
Azerbaijan,123
Bahamas,41
Bahamas,41
Bahamas,41
Bahamas,41
Bahamas,41
Bahamas,41
Bahamas,41
Bahamas,41
Bahamas,41
Bahamas,41
Bahamas,41
Bahamas,41
Bahamas,41
Bahamas,41
Bahamas,41
Bahamas,41
Bahamas,41
Bahamas,41
Bahamas,41
Bahamas,41
Bahamas,41
Bahrain,"2,239"
Bahrain,"2,239"
Bahrain,"2,239"
Bahrain,"2,239"
Bahrain,"2,239"
Bahrain,"2,239"
Bahrain,"2,239"
Bahrain,"2,239"
Bahrain,"2,239"
Bahrain,"2,239"
Bahrain,"2,239"
Bahrain,"2,239"
Bahrain,"2,239"
Bahrain,"2,239"
Bahrain,"2,239"
Bahrain,"2,239"
Bahrain,"2,239"
Bahrain,"2,239"
Bahrain,"2,239"
Bahrain,"2,239"
Bahrain,"2,239"
Bangladesh,"1,265"
Bangladesh,"1,265"
Bangladesh,"1,265"
Bangladesh,"1,265"
Bangladesh,"1,265"
Bangladesh,"1,265"
Bangladesh,"1,265"
Bangladesh,"1,265"
Bangladesh,"1,265"
Bangladesh,"1,265"
Bangladesh,"1,265"
Bangladesh,"1,265"
Bangladesh,"1,265"
Bangladesh,"1,265"
Bangladesh,"1,265"
Bangladesh,"1,265"
Bangladesh,"1,265"
Bangladesh,"1,265"
Bangladesh,"1,265"
Bangladesh,"1,265"
Bangladesh,"1,265"
Barbados,668
Barbados,668
Barbados,668
Barbados,668
Barbados,668
Barbados,668
Barbados,668
Barbados,668
Barbados,668
Barbados,668
Barbados,668
Barbados,668
Barbados,668
Barbados,668
Barbados,668
Barbados,668
Barbados,668
Barbados,668
Barbados,668
Barbados,668
Barbados,668
Belarus,47
Belarus,47
Belarus,47
Belarus,47
Belarus,47
Belarus,47
Belarus,47
Belarus,47
Belarus,47
Belarus,47
Belarus,47
Belarus,47
Belarus,47
Belarus,47
Belarus,47
Belarus,47
Belarus,47
Belarus,47
Belarus,47
Belarus,47
Belarus,47
Belgium,383
Belgium,383
Belgium,383
Belgium,383
Belgium,383
Belgium,383
Belgium,383
Belgium,383
Belgium,383
Belgium,383
Belgium,383
Belgium,383
Belgium,383
Belgium,383
Belgium,383
Belgium,383
Belgium,383
Belgium,383
Belgium,383
Belgium,383
Belgium,383
Belize,17
Belize,17
Belize,17
Belize,17
Belize,17
Belize,17
Belize,17
Belize,17
Belize,17
Belize,17
Belize,17
Belize,17
Belize,17
Belize,17
Belize,17
Belize,17
Belize,17
Belize,17
Belize,17
Belize,17
Belize,17
Benin,108
Benin,108
Benin,108
Benin,108
Benin,108
Benin,108
Benin,108
Benin,108
Benin,108
Benin,108
Benin,108
Benin,108
Benin,108
Benin,108
Benin,108
Benin,108
Benin,108
Benin,108
Benin,108
Benin,108
Benin,108
Bermuda,1281
Bermuda,1281
Bermuda,1281
Bermuda,1281
Bermuda,1281
Bermuda,1281
Bermuda,1281
Bermuda,1281
Bermuda,1281
Bermuda,1281
Bermuda,1281
Bermuda,1281
Bermuda,1281
Bermuda,1281
Bermuda,1281
Bermuda,1281
Bermuda,1281
Bermuda,1281
Bermuda,1281
Bermuda,1281
Bermuda,1281
Bhutan,20
Bhutan,20
Bhutan,20
Bhutan,20
Bhutan,20
Bhutan,20
Bhutan,20
Bhutan,20
Bhutan,20
Bhutan,20
Bhutan,20
Bhutan,20
Bhutan,20
Bhutan,20
Bhutan,20
Bhutan,20
Bhutan,20
Bhutan,20
Bhutan,20
Bhutan,20
Bhutan,20
Bosnia and Herzegovina,64
Bosnia and Herzegovina,64
Bosnia and Herzegovina,64
Bosnia and Herzegovina,64
Bosnia and Herzegovina,64
Bosnia and Herzegovina,64
Bosnia and Herzegovina,64
Bosnia and Herzegovina,64
Bosnia and Herzegovina,64
Bosnia and Herzegovina,64
Bosnia and Herzegovina,64
Bosnia and Herzegovina,64
Bosnia and Herzegovina,64
Bosnia and Herzegovina,64
Bosnia and Herzegovina,64
Bosnia and Herzegovina,64
Bosnia and Herzegovina,64
Bosnia and Herzegovina,64
Bosnia and Herzegovina,64
Bosnia and Herzegovina,64
Bosnia and Herzegovina,64
Botswana,4
Botswana,4
Botswana,4
Botswana,4
Botswana,4
Botswana,4
Botswana,4
Botswana,4
Botswana,4
Botswana,4
Botswana,4
Botswana,4
Botswana,4
Botswana,4
Botswana,4
Botswana,4
Botswana,4
Botswana,4
Botswana,4
Botswana,4
Botswana,4
Brazil,25
Brazil,25
Brazil,25
Brazil,25
Brazil,25
Brazil,25
Brazil,25
Brazil,25
Brazil,25
Brazil,25
Brazil,25
Brazil,25
Brazil,25
Brazil,25
Brazil,25
Brazil,25
Brazil,25
Brazil,25
Brazil,25
Brazil,25
Brazil,25
Bulgaria,64
Bulgaria,64
Bulgaria,64
Bulgaria,64
Bulgaria,64
Bulgaria,64
Bulgaria,64
Bulgaria,64
Bulgaria,64
Bulgaria,64
Bulgaria,64
Bulgaria,64
Bulgaria,64
Bulgaria,64
Bulgaria,64
Bulgaria,64
Bulgaria,64
Bulgaria,64
Bulgaria,64
Bulgaria,64
Bulgaria,64
Burkina Faso,76
Burkina Faso,76
Burkina Faso,76
Burkina Faso,76
Burkina Faso,76
Burkina Faso,76
Burkina Faso,76
Burkina Faso,76
Burkina Faso,76
Burkina Faso,76
Burkina Faso,76
Burkina Faso,76
Burkina Faso,76
Burkina Faso,76
Burkina Faso,76
Burkina Faso,76
Burkina Faso,76
Burkina Faso,76
Burkina Faso,76
Burkina Faso,76
Burkina Faso,76
Burundi,463
Burundi,463
Burundi,463
Burundi,463
Burundi,463
Burundi,463
Burundi,463
Burundi,463
Burundi,463
Burundi,463
Burundi,463
Burundi,463
Burundi,463
Burundi,463
Burundi,463
Burundi,463
Burundi,463
Burundi,463
Burundi,463
Burundi,463
Burundi,463
Cambodia,95
Cambodia,95
Cambodia,95
Cambodia,95
Cambodia,95
Cambodia,95
Cambodia,95
Cambodia,95
Cambodia,95
Cambodia,95
Cambodia,95
Cambodia,95
Cambodia,95
Cambodia,95
Cambodia,95
Cambodia,95
Cambodia,95
Cambodia,95
Cambodia,95
Cambodia,95
Cambodia,95
Cameroon,56
Cameroon,56
Cameroon,56
Cameroon,56
Cameroon,56
Cameroon,56
Cameroon,56
Cameroon,56
Cameroon,56
Cameroon,56
Cameroon,56
Cameroon,56
Cameroon,56
Cameroon,56
Cameroon,56
Cameroon,56
Cameroon,56
Cameroon,56
Cameroon,56
Cameroon,56
Cameroon,56
Canada,4
Canada,4
Canada,4
Canada,4
Canada,4
Canada,4
Canada,4
Canada,4
Canada,4
Canada,4
Canada,4
Canada,4
Canada,4
Canada,4
Canada,4
Canada,4
Canada,4
Canada,4
Canada,4
Canada,4
Canada,4
Cayman Islands,274
Cayman Islands,274
Cayman Islands,274
Cayman Islands,274
Cayman Islands,274
Cayman Islands,274
Cayman Islands,274
Cayman Islands,274
Cayman Islands,274
Cayman Islands,274
Cayman Islands,274
Cayman Islands,274
Cayman Islands,274
Cayman Islands,274
Cayman Islands,274
Cayman Islands,274
Cayman Islands,274
Cayman Islands,274
Cayman Islands,274
Cayman Islands,274
Cayman Islands,274
Central African Republic,8
Central African Republic,8
Central African Republic,8
Central African Republic,8
Central African Republic,8
Central African Republic,8
Central African Republic,8
Central African Republic,8
Central African Republic,8
Central African Republic,8
Central African Republic,8
Central African Republic,8
Central African Republic,8
Central African Republic,8
Central African Republic,8
Central African Republic,8
Central African Republic,8
Central African Republic,8
Central African Republic,8
Central African Republic,8
Central African Republic,8
Chad,13
Chad,13
Chad,13
Chad,13
Chad,13
Chad,13
Chad,13
Chad,13
Chad,13
Chad,13
Chad,13
Chad,13
Chad,13
Chad,13
Chad,13
Chad,13
Chad,13
Chad,13
Chad,13
Chad,13
Chad,13
Chile,26
Chile,26
Chile,26
Chile,26
Chile,26
Chile,26
Chile,26
Chile,26
Chile,26
Chile,26
Chile,26
Chile,26
Chile,26
Chile,26
Chile,26
Chile,26
Chile,26
Chile,26
Chile,26
Chile,26
Chile,26
China,153
China,153
China,153
China,153
China,153
China,153
China,153
China,153
China,153
China,153
China,153
China,153
China,153
China,153
China,153
China,153
China,153
China,153
China,153
China,153
China,153
Colombia,46
Colombia,46
Colombia,46
Colombia,46
Colombia,46
Colombia,46
Colombia,46
Colombia,46
Colombia,46
Colombia,46
Colombia,46
Colombia,46
Colombia,46
Colombia,46
Colombia,46
Colombia,46
Colombia,46
Colombia,46
Colombia,46
Colombia,46
Colombia,46
Comoros,467
Comoros,467
Comoros,467
Comoros,467
Comoros,467
Comoros,467
Comoros,467
Comoros,467
Comoros,467
Comoros,467
Comoros,467
Comoros,467
Comoros,467
Comoros,467
Comoros,467
Comoros,467
Comoros,467
Comoros,467
Comoros,467
Comoros,467
Comoros,467
Congo,18
Congo,18
Congo,18
Congo,18
Congo,18
Congo,18
Congo,18
Congo,18
Congo,18
Congo,18
Congo,18
Congo,18
Congo,18
Congo,18
Congo,18
Congo,18
Congo,18
Congo,18
Congo,18
Congo,18
Congo,18
Costa Rica,100
Costa Rica,100
Costa Rica,100
Costa Rica,100
Costa Rica,100
Costa Rica,100
Costa Rica,100
Costa Rica,100
Costa Rica,100
Costa Rica,100
Costa Rica,100
Costa Rica,100
Costa Rica,100
Costa Rica,100
Costa Rica,100
Costa Rica,100
Costa Rica,100
Costa Rica,100
Costa Rica,100
Costa Rica,100
Costa Rica,100
Croatia,73
Croatia,73
Croatia,73
Croatia,73
Croatia,73
Croatia,73
Croatia,73
Croatia,73
Croatia,73
Croatia,73
Croatia,73
Croatia,73
Croatia,73
Croatia,73
Croatia,73
Croatia,73
Croatia,73
Croatia,73
Croatia,73
Croatia,73
Croatia,73
Cuba,106
Cuba,106
Cuba,106
Cuba,106
Cuba,106
Cuba,106
Cuba,106
Cuba,106
Cuba,106
Cuba,106
Cuba,106
Cuba,106
Cuba,106
Cuba,106
Cuba,106
Cuba,106
Cuba,106
Cuba,106
Cuba,106
Cuba,106
Cuba,106
Cyprus,131
Cyprus,131
Cyprus,131
Cyprus,131
Cyprus,131
Cyprus,131
Cyprus,131
Cyprus,131
Cyprus,131
Cyprus,131
Cyprus,131
Cyprus,131
Cyprus,131
Cyprus,131
Cyprus,131
Cyprus,131
Cyprus,131
Cyprus,131
Cyprus,131
Cyprus,131
Cyprus,131
Czechia,136
Czechia,136
Czechia,136
Czechia,136
Czechia,136
Czechia,136
Czechia,136
Czechia,136
Czechia,136
Czechia,136
Czechia,136
Czechia,136
Czechia,136
Czechia,136
Czechia,136
Czechia,136
Czechia,136
Czechia,136
Czechia,136
Czechia,136
Czechia,136
Denmark,137
Denmark,137
Denmark,137
Denmark,137
Denmark,137
Denmark,137
Denmark,137
Denmark,137
Denmark,137
Denmark,137
Denmark,137
Denmark,137
Denmark,137
Denmark,137
Denmark,137
Denmark,137
Denmark,137
Denmark,137
Denmark,137
Denmark,137
Denmark,137
Djibouti,43
Djibouti,43
Djibouti,43
Djibouti,43
Djibouti,43
Djibouti,43
Djibouti,43
Djibouti,43
Djibouti,43
Djibouti,43
Djibouti,43
Djibouti,43
Djibouti,43
Djibouti,43
Djibouti,43
Djibouti,43
Djibouti,43
Djibouti,43
Djibouti,43
Djibouti,43
Djibouti,43
Dominica,96
Dominica,96
Dominica,96
Dominica,96
Dominica,96
Dominica,96
Dominica,96
Dominica,96
Dominica,96
Dominica,96
Dominica,96
Dominica,96
Dominica,96
Dominica,96
Dominica,96
Dominica,96
Dominica,96
Dominica,96
Dominica,96
Dominica,96
Dominica,96
Dominican Republic,225
Dominican Republic,225
Dominican Republic,225
Dominican Republic,225
Dominican Republic,225
Dominican Republic,225
Dominican Republic,225
Dominican Republic,225
Dominican Republic,225
Dominican Republic,225
Dominican Republic,225
Dominican Republic,225
Dominican Republic,225
Dominican Republic,225
Dominican Republic,225
Dominican Republic,225
Dominican Republic,225
Dominican Republic,225
Dominican Republic,225
Dominican Republic,225
Dominican Republic,225
Ecuador,71
Ecuador,71
Ecuador,71
Ecuador,71
Ecuador,71
Ecuador,71
Ecuador,71
Ecuador,71
Ecuador,71
Ecuador,71
Ecuador,71
Ecuador,71
Ecuador,71
Ecuador,71
Ecuador,71
Ecuador,71
Ecuador,71
Ecuador,71
Ecuador,71
Ecuador,71
Ecuador,71
Egypt,103
Egypt,103
Egypt,103
Egypt,103
Egypt,103
Egypt,103
Egypt,103
Egypt,103
Egypt,103
Egypt,103
Egypt,103
Egypt,103
Egypt,103
Egypt,103
Egypt,103
Egypt,103
Egypt,103
Egypt,103
Egypt,103
Egypt,103
Egypt,103
El Salvador,313
El Salvador,313
El Salvador,313
El Salvador,313
El Salvador,313
El Salvador,313
El Salvador,313
El Salvador,313
El Salvador,313
El Salvador,313
El Salvador,313
El Salvador,313
El Salvador,313
El Salvador,313
El Salvador,313
El Salvador,313
El Salvador,313
El Salvador,313
El Salvador,313
El Salvador,313
El Salvador,313
Equatorial Guinea,50
Equatorial Guinea,50
Equatorial Guinea,50
Equatorial Guinea,50
Equatorial Guinea,50
Equatorial Guinea,50
Equatorial Guinea,50
Equatorial Guinea,50
Equatorial Guinea,50
Equatorial Guinea,50
Equatorial Guinea,50
Equatorial Guinea,50
Equatorial Guinea,50
Equatorial Guinea,50
Equatorial Guinea,50
Equatorial Guinea,50
Equatorial Guinea,50
Equatorial Guinea,50
Equatorial Guinea,50
Equatorial Guinea,50
Equatorial Guinea,50
Eritrea,35
Eritrea,35
Eritrea,35
Eritrea,35
Eritrea,35
Eritrea,35
Eritrea,35
Eritrea,35
Eritrea,35
Eritrea,35
Eritrea,35
Eritrea,35
Eritrea,35
Eritrea,35
Eritrea,35
Eritrea,35
Eritrea,35
Eritrea,35
Eritrea,35
Eritrea,35
Eritrea,35
Estonia,31
Estonia,31
Estonia,31
Estonia,31
Estonia,31
Estonia,31
Estonia,31
Estonia,31
Estonia,31
Estonia,31
Estonia,31
Estonia,31
Estonia,31
Estonia,31
Estonia,31
Estonia,31
Estonia,31
Estonia,31
Estonia,31
Estonia,31
Estonia,31
Eswatini,67
Eswatini,67
Eswatini,67
Eswatini,67
Eswatini,67
Eswatini,67
Eswatini,67
Eswatini,67
Eswatini,67
Eswatini,67
Eswatini,67
Eswatini,67
Eswatini,67
Eswatini,67
Eswatini,67
Eswatini,67
Eswatini,67
Eswatini,67
Eswatini,67
Eswatini,67
Eswatini,67
Ethiopia,115
Ethiopia,115
Ethiopia,115
Ethiopia,115
Ethiopia,115
Ethiopia,115
Ethiopia,115
Ethiopia,115
Ethiopia,115
Ethiopia,115
Ethiopia,115
Ethiopia,115
Ethiopia,115
Ethiopia,115
Ethiopia,115
Ethiopia,115
Ethiopia,115
Ethiopia,115
Ethiopia,115
Ethiopia,115
Ethiopia,115
Fiji,49
Fiji,49
Fiji,49
Fiji,49
Fiji,49
Fiji,49
Fiji,49
Fiji,49
Fiji,49
Fiji,49
Fiji,49
Fiji,49
Fiji,49
Fiji,49
Fiji,49
Fiji,49
Fiji,49
Fiji,49
Fiji,49
Fiji,49
Fiji,49
Finland,18
Finland,18
Finland,18
Finland,18
Finland,18
Finland,18
Finland,18
Finland,18
Finland,18
Finland,18
Finland,18
Finland,18
Finland,18
Finland,18
Finland,18
Finland,18
Finland,18
Finland,18
Finland,18
Finland,18
Finland,18
France,119
France,119
France,119
France,119
France,119
France,119
France,119
France,119
France,119
France,119
France,119
France,119
France,119
France,119
France,119
France,119
France,119
France,119
France,119
France,119
France,119
French Guiana,
Gabon,9
Gabon,9
Gabon,9
Gabon,9
Gabon,9
Gabon,9
Gabon,9
Gabon,9
Gabon,9
Gabon,9
Gabon,9
Gabon,9
Gabon,9
Gabon,9
Gabon,9
Gabon,9
Gabon,9
Gabon,9
Gabon,9
Gabon,9
Gabon,9
Gambia,239
Gambia,239
Gambia,239
Gambia,239
Gambia,239
Gambia,239
Gambia,239
Gambia,239
Gambia,239
Gambia,239
Gambia,239
Gambia,239
Gambia,239
Gambia,239
Gambia,239
Gambia,239
Gambia,239
Gambia,239
Gambia,239
Gambia,239
Gambia,239
Georgia,57
Georgia,57
Georgia,57
Georgia,57
Georgia,57
Georgia,57
Georgia,57
Georgia,57
Georgia,57
Georgia,57
Georgia,57
Georgia,57
Georgia,57
Georgia,57
Georgia,57
Georgia,57
Georgia,57
Georgia,57
Georgia,57
Georgia,57
Georgia,57
Germany,240
Germany,240
Germany,240
Germany,240
Germany,240
Germany,240
Germany,240
Germany,240
Germany,240
Germany,240
Germany,240
Germany,240
Germany,240
Germany,240
Germany,240
Germany,240
Germany,240
Germany,240
Germany,240
Germany,240
Germany,240
Ghana,137
Ghana,137
Ghana,137
Ghana,137
Ghana,137
Ghana,137
Ghana,137
Ghana,137
Ghana,137
Ghana,137
Ghana,137
Ghana,137
Ghana,137
Ghana,137
Ghana,137
Ghana,137
Ghana,137
Ghana,137
Ghana,137
Ghana,137
Ghana,137
Greece,81
Greece,81
Greece,81
Greece,81
Greece,81
Greece,81
Greece,81
Greece,81
Greece,81
Greece,81
Greece,81
Greece,81
Greece,81
Greece,81
Greece,81
Greece,81
Greece,81
Greece,81
Greece,81
Greece,81
Greece,81
Grenada,331
Grenada,331
Grenada,331
Grenada,331
Grenada,331
Grenada,331
Grenada,331
Grenada,331
Grenada,331
Grenada,331
Grenada,331
Grenada,331
Grenada,331
Grenada,331
Grenada,331
Grenada,331
Grenada,331
Grenada,331
Grenada,331
Grenada,331
Grenada,331
Guatemala,167
Guatemala,167
Guatemala,167
Guatemala,167
Guatemala,167
Guatemala,167
Guatemala,167
Guatemala,167
Guatemala,167
Guatemala,167
Guatemala,167
Guatemala,167
Guatemala,167
Guatemala,167
Guatemala,167
Guatemala,167
Guatemala,167
Guatemala,167
Guatemala,167
Guatemala,167
Guatemala,167
Guinea,53
Guinea,53
Guinea,53
Guinea,53
Guinea,53
Guinea,53
Guinea,53
Guinea,53
Guinea,53
Guinea,53
Guinea,53
Guinea,53
Guinea,53
Guinea,53
Guinea,53
Guinea,53
Guinea,53
Guinea,53
Guinea,53
Guinea,53
Guinea,53
Guinea-Bissau,70
Guinea-Bissau,70
Guinea-Bissau,70
Guinea-Bissau,70
Guinea-Bissau,70
Guinea-Bissau,70
Guinea-Bissau,70
Guinea-Bissau,70
Guinea-Bissau,70
Guinea-Bissau,70
Guinea-Bissau,70
Guinea-Bissau,70
Guinea-Bissau,70
Guinea-Bissau,70
Guinea-Bissau,70
Guinea-Bissau,70
Guinea-Bissau,70
Guinea-Bissau,70
Guinea-Bissau,70
Guinea-Bissau,70
Guinea-Bissau,70
Guyana,4
Guyana,4
Guyana,4
Guyana,4
Guyana,4
Guyana,4
Guyana,4
Guyana,4
Guyana,4
Guyana,4
Guyana,4
Guyana,4
Guyana,4
Guyana,4
Guyana,4
Guyana,4
Guyana,4
Guyana,4
Guyana,4
Guyana,4
Guyana,4
Haiti,414
Haiti,414
Haiti,414
Haiti,414
Haiti,414
Haiti,414
Haiti,414
Haiti,414
Haiti,414
Haiti,414
Haiti,414
Haiti,414
Haiti,414
Haiti,414
Haiti,414
Haiti,414
Haiti,414
Haiti,414
Haiti,414
Haiti,414
Haiti,414
Honduras,89
Honduras,89
Honduras,89
Honduras,89
Honduras,89
Honduras,89
Honduras,89
Honduras,89
Honduras,89
Honduras,89
Honduras,89
Honduras,89
Honduras,89
Honduras,89
Honduras,89
Honduras,89
Honduras,89
Honduras,89
Honduras,89
Honduras,89
Honduras,89
Hungary,107
Hungary,107
Hungary,107
Hungary,107
Hungary,107
Hungary,107
Hungary,107
Hungary,107
Hungary,107
Hungary,107
Hungary,107
Hungary,107
Hungary,107
Hungary,107
Hungary,107
Hungary,107
Hungary,107
Hungary,107
Hungary,107
Hungary,107
Hungary,107
Iceland,3
Iceland,3
Iceland,3
Iceland,3
Iceland,3
Iceland,3
Iceland,3
Iceland,3
Iceland,3
Iceland,3
Iceland,3
Iceland,3
Iceland,3
Iceland,3
Iceland,3
Iceland,3
Iceland,3
Iceland,3
Iceland,3
Iceland,3
Iceland,3
India,464
India,464
India,464
India,464
India,464
India,464
India,464
India,464
India,464
India,464
India,464
India,464
India,464
India,464
India,464
India,464
India,464
India,464
India,464
India,464
India,464
Indonesia,151
Indonesia,151
Indonesia,151
Indonesia,151
Indonesia,151
Indonesia,151
Indonesia,151
Indonesia,151
Indonesia,151
Indonesia,151
Indonesia,151
Indonesia,151
Indonesia,151
Indonesia,151
Indonesia,151
Indonesia,151
Indonesia,151
Indonesia,151
Indonesia,151
Indonesia,151
Indonesia,151
Iraq,93
Iraq,93
Iraq,93
Iraq,93
Iraq,93
Iraq,93
Iraq,93
Iraq,93
Iraq,93
Iraq,93
Iraq,93
Iraq,93
Iraq,93
Iraq,93
Iraq,93
Iraq,93
Iraq,93
Iraq,93
Iraq,93
Iraq,93
Iraq,93
Ireland,73
Ireland,73
Ireland,73
Ireland,73
Ireland,73
Ireland,73
Ireland,73
Ireland,73
Ireland,73
Ireland,73
Ireland,73
Ireland,73
Ireland,73
Ireland,73
Ireland,73
Ireland,73
Ireland,73
Ireland,73
Ireland,73
Ireland,73
Ireland,73
Israel,400
Israel,400
Israel,400
Israel,400
Israel,400
Israel,400
Israel,400
Israel,400
Israel,400
Israel,400
Israel,400
Israel,400
Israel,400
Israel,400
Israel,400
Israel,400
Israel,400
Israel,400
Israel,400
Israel,400
Israel,400
Italy,206
Italy,206
Italy,206
Italy,206
Italy,206
Italy,206
Italy,206
Italy,206
Italy,206
Italy,206
Italy,206
Italy,206
Italy,206
Italy,206
Italy,206
Italy,206
Italy,206
Italy,206
Italy,206
Italy,206
Italy,206
Jamaica,273
Jamaica,273
Jamaica,273
Jamaica,273
Jamaica,273
Jamaica,273
Jamaica,273
Jamaica,273
Jamaica,273
Jamaica,273
Jamaica,273
Jamaica,273
Jamaica,273
Jamaica,273
Jamaica,273
Jamaica,273
Jamaica,273
Jamaica,273
Jamaica,273
Jamaica,273
Jamaica,273
Japan,347
Japan,347
Japan,347
Japan,347
Japan,347
Japan,347
Japan,347
Japan,347
Japan,347
Japan,347
Japan,347
Japan,347
Japan,347
Japan,347
Japan,347
Japan,347
Japan,347
Japan,347
Japan,347
Japan,347
Japan,347
Jordan,115
Jordan,115
Jordan,115
Jordan,115
Jordan,115
Jordan,115
Jordan,115
Jordan,115
Jordan,115
Jordan,115
Jordan,115
Jordan,115
Jordan,115
Jordan,115
Jordan,115
Jordan,115
Jordan,115
Jordan,115
Jordan,115
Jordan,115
Jordan,115
Kazakhstan,7
Kazakhstan,7
Kazakhstan,7
Kazakhstan,7
Kazakhstan,7
Kazakhstan,7
Kazakhstan,7
Kazakhstan,7
Kazakhstan,7
Kazakhstan,7
Kazakhstan,7
Kazakhstan,7
Kazakhstan,7
Kazakhstan,7
Kazakhstan,7
Kazakhstan,7
Kazakhstan,7
Kazakhstan,7
Kazakhstan,7
Kazakhstan,7
Kazakhstan,7
Kenya,94
Kenya,94
Kenya,94
Kenya,94
Kenya,94
Kenya,94
Kenya,94
Kenya,94
Kenya,94
Kenya,94
Kenya,94
Kenya,94
Kenya,94
Kenya,94
Kenya,94
Kenya,94
Kenya,94
Kenya,94
Kenya,94
Kenya,94
Kenya,94
Kiribati,147
Kiribati,147
Kiribati,147
Kiribati,147
Kiribati,147
Kiribati,147
Kiribati,147
Kiribati,147
Kiribati,147
Kiribati,147
Kiribati,147
Kiribati,147
Kiribati,147
Kiribati,147
Kiribati,147
Kiribati,147
Kiribati,147
Kiribati,147
Kiribati,147
Kiribati,147
Kiribati,147
Kuwait,240
Kuwait,240
Kuwait,240
Kuwait,240
Kuwait,240
Kuwait,240
Kuwait,240
Kuwait,240
Kuwait,240
Kuwait,240
Kuwait,240
Kuwait,240
Kuwait,240
Kuwait,240
Kuwait,240
Kuwait,240
Kuwait,240
Kuwait,240
Kuwait,240
Kuwait,240
Kuwait,240
Kyrgyzstan,34
Kyrgyzstan,34
Kyrgyzstan,34
Kyrgyzstan,34
Kyrgyzstan,34
Kyrgyzstan,34
Kyrgyzstan,34
Kyrgyzstan,34
Kyrgyzstan,34
Kyrgyzstan,34
Kyrgyzstan,34
Kyrgyzstan,34
Kyrgyzstan,34
Kyrgyzstan,34
Kyrgyzstan,34
Kyrgyzstan,34
Kyrgyzstan,34
Kyrgyzstan,34
Kyrgyzstan,34
Kyrgyzstan,34
Kyrgyzstan,34
Latvia,30
Latvia,30
Latvia,30
Latvia,30
Latvia,30
Latvia,30
Latvia,30
Latvia,30
Latvia,30
Latvia,30
Latvia,30
Latvia,30
Latvia,30
Latvia,30
Latvia,30
Latvia,30
Latvia,30
Latvia,30
Latvia,30
Latvia,30
Latvia,30
Lebanon,667
Lebanon,667
Lebanon,667
Lebanon,667
Lebanon,667
Lebanon,667
Lebanon,667
Lebanon,667
Lebanon,667
Lebanon,667
Lebanon,667
Lebanon,667
Lebanon,667
Lebanon,667
Lebanon,667
Lebanon,667
Lebanon,667
Lebanon,667
Lebanon,667
Lebanon,667
Lebanon,667
Lesotho,71
Lesotho,71
Lesotho,71
Lesotho,71
Lesotho,71
Lesotho,71
Lesotho,71
Lesotho,71
Lesotho,71
Lesotho,71
Lesotho,71
Lesotho,71
Lesotho,71
Lesotho,71
Lesotho,71
Lesotho,71
Lesotho,71
Lesotho,71
Lesotho,71
Lesotho,71
Lesotho,71
Liberia,53
Liberia,53
Liberia,53
Liberia,53
Liberia,53
Liberia,53
Liberia,53
Liberia,53
Liberia,53
Liberia,53
Liberia,53
Liberia,53
Liberia,53
Liberia,53
Liberia,53
Liberia,53
Liberia,53
Liberia,53
Liberia,53
Liberia,53
Liberia,53
Libya,4
Libya,4
Libya,4
Libya,4
Libya,4
Libya,4
Libya,4
Libya,4
Libya,4
Libya,4
Libya,4
Libya,4
Libya,4
Libya,4
Libya,4
Libya,4
Libya,4
Libya,4
Libya,4
Libya,4
Libya,4
Lithuania,43
Lithuania,43
Lithuania,43
Lithuania,43
Lithuania,43
Lithuania,43
Lithuania,43
Lithuania,43
Lithuania,43
Lithuania,43
Lithuania,43
Lithuania,43
Lithuania,43
Lithuania,43
Lithuania,43
Lithuania,43
Lithuania,43
Lithuania,43
Lithuania,43
Lithuania,43
Lithuania,43
Luxembourg,242
Luxembourg,242
Luxembourg,242
Luxembourg,242
Luxembourg,242
Luxembourg,242
Luxembourg,242
Luxembourg,242
Luxembourg,242
Luxembourg,242
Luxembourg,242
Luxembourg,242
Luxembourg,242
Luxembourg,242
Luxembourg,242
Luxembourg,242
Luxembourg,242
Luxembourg,242
Luxembourg,242
Luxembourg,242
Luxembourg,242
Madagascar,48
Madagascar,48
Madagascar,48
Madagascar,48
Madagascar,48
Madagascar,48
Madagascar,48
Madagascar,48
Madagascar,48
Madagascar,48
Madagascar,48
Madagascar,48
Madagascar,48
Madagascar,48
Madagascar,48
Madagascar,48
Madagascar,48
Madagascar,48
Madagascar,48
Madagascar,48
Madagascar,48
Malawi,203
Malawi,203
Malawi,203
Malawi,203
Malawi,203
Malawi,203
Malawi,203
Malawi,203
Malawi,203
Malawi,203
Malawi,203
Malawi,203
Malawi,203
Malawi,203
Malawi,203
Malawi,203
Malawi,203
Malawi,203
Malawi,203
Malawi,203
Malawi,203
Malaysia,99
Malaysia,99
Malaysia,99
Malaysia,99
Malaysia,99
Malaysia,99
Malaysia,99
Malaysia,99
Malaysia,99
Malaysia,99
Malaysia,99
Malaysia,99
Malaysia,99
Malaysia,99
Malaysia,99
Malaysia,99
Malaysia,99
Malaysia,99
Malaysia,99
Malaysia,99
Malaysia,99
Maldives,"1,802"
Maldives,"1,802"
Maldives,"1,802"
Maldives,"1,802"
Maldives,"1,802"
Maldives,"1,802"
Maldives,"1,802"
Maldives,"1,802"
Maldives,"1,802"
Maldives,"1,802"
Maldives,"1,802"
Maldives,"1,802"
Maldives,"1,802"
Maldives,"1,802"
Maldives,"1,802"
Maldives,"1,802"
Maldives,"1,802"
Maldives,"1,802"
Maldives,"1,802"
Maldives,"1,802"
Maldives,"1,802"
Mali,17
Mali,17
Mali,17
Mali,17
Mali,17
Mali,17
Mali,17
Mali,17
Mali,17
Mali,17
Mali,17
Mali,17
Mali,17
Mali,17
Mali,17
Mali,17
Mali,17
Mali,17
Mali,17
Mali,17
Mali,17
Malta,"1,380"
Malta,"1,380"
Malta,"1,380"
Malta,"1,380"
Malta,"1,380"
Malta,"1,380"
Malta,"1,380"
Malta,"1,380"
Malta,"1,380"
Malta,"1,380"
Malta,"1,380"
Malta,"1,380"
Malta,"1,380"
Malta,"1,380"
Malta,"1,380"
Malta,"1,380"
Malta,"1,380"
Malta,"1,380"
Malta,"1,380"
Malta,"1,380"
Malta,"1,380"
Mauritania,5
Mauritania,5
Mauritania,5
Mauritania,5
Mauritania,5
Mauritania,5
Mauritania,5
Mauritania,5
Mauritania,5
Mauritania,5
Mauritania,5
Mauritania,5
Mauritania,5
Mauritania,5
Mauritania,5
Mauritania,5
Mauritania,5
Mauritania,5
Mauritania,5
Mauritania,5
Mauritania,5
Mauritius,626
Mauritius,626
Mauritius,626
Mauritius,626
Mauritius,626
Mauritius,626
Mauritius,626
Mauritius,626
Mauritius,626
Mauritius,626
Mauritius,626
Mauritius,626
Mauritius,626
Mauritius,626
Mauritius,626
Mauritius,626
Mauritius,626
Mauritius,626
Mauritius,626
Mauritius,626
Mauritius,626
Mexico,66
Mexico,66
Mexico,66
Mexico,66
Mexico,66
Mexico,66
Mexico,66
Mexico,66
Mexico,66
Mexico,66
Mexico,66
Mexico,66
Mexico,66
Mexico,66
Mexico,66
Mexico,66
Mexico,66
Mexico,66
Mexico,66
Mexico,66
Mexico,66
Mongolia,2
Mongolia,2
Mongolia,2
Mongolia,2
Mongolia,2
Mongolia,2
Mongolia,2
Mongolia,2
Mongolia,2
Mongolia,2
Mongolia,2
Mongolia,2
Mongolia,2
Mongolia,2
Mongolia,2
Mongolia,2
Mongolia,2
Mongolia,2
Mongolia,2
Mongolia,2
Mongolia,2
Montenegro,47
Montenegro,47
Montenegro,47
Montenegro,47
Montenegro,47
Montenegro,47
Montenegro,47
Montenegro,47
Montenegro,47
Montenegro,47
Montenegro,47
Montenegro,47
Montenegro,47
Montenegro,47
Morocco,83
Morocco,83
Morocco,83
Morocco,83
Morocco,83
Morocco,83
Morocco,83
Morocco,83
Morocco,83
Morocco,83
Morocco,83
Morocco,83
Morocco,83
Morocco,83
Morocco,83
Morocco,83
Morocco,83
Morocco,83
Morocco,83
Morocco,83
Morocco,83
Mozambique,40
Mozambique,40
Mozambique,40
Mozambique,40
Mozambique,40
Mozambique,40
Mozambique,40
Mozambique,40
Mozambique,40
Mozambique,40
Mozambique,40
Mozambique,40
Mozambique,40
Mozambique,40
Mozambique,40
Mozambique,40
Mozambique,40
Mozambique,40
Mozambique,40
Mozambique,40
Mozambique,40
Myanmar,83
Myanmar,83
Myanmar,83
Myanmar,83
Myanmar,83
Myanmar,83
Myanmar,83
Myanmar,83
Myanmar,83
Myanmar,83
Myanmar,83
Myanmar,83
Myanmar,83
Myanmar,83
Myanmar,83
Myanmar,83
Myanmar,83
Myanmar,83
Myanmar,83
Myanmar,83
Myanmar,83
Namibia,3
Namibia,3
Namibia,3
Namibia,3
Namibia,3
Namibia,3
Namibia,3
Namibia,3
Namibia,3
Namibia,3
Namibia,3
Namibia,3
Namibia,3
Namibia,3
Namibia,3
Namibia,3
Namibia,3
Namibia,3
Namibia,3
Namibia,3
Namibia,3
Nauru,541
Nauru,541
Nauru,541
Nauru,541
Nauru,541
Nauru,541
Nauru,541
Nauru,541
Nauru,541
Nauru,541
Nauru,541
Nauru,541
Nauru,541
Nauru,541
Nauru,541
Nauru,541
Nauru,541
Nauru,541
Nauru,541
Nauru,541
Nauru,541
Nepal,203
Nepal,203
Nepal,203
Nepal,203
Nepal,203
Nepal,203
Nepal,203
Nepal,203
Nepal,203
Nepal,203
Nepal,203
Nepal,203
Nepal,203
Nepal,203
Nepal,203
Nepal,203
Nepal,203
Nepal,203
Nepal,203
Nepal,203
Nepal,203
Netherlands,508
Netherlands,508
Netherlands,508
Netherlands,508
Netherlands,508
Netherlands,508
Netherlands,508
Netherlands,508
Netherlands,508
Netherlands,508
Netherlands,508
Netherlands,508
Netherlands,508
Netherlands,508
Netherlands,508
Netherlands,508
Netherlands,508
Netherlands,508
Netherlands,508
Netherlands,508
Netherlands,508
New Caledonia,16
New Caledonia,16
New Caledonia,16
New Caledonia,16
New Caledonia,16
New Caledonia,16
New Caledonia,16
New Caledonia,16
New Caledonia,16
New Caledonia,16
New Caledonia,16
New Caledonia,16
New Caledonia,16
New Caledonia,16
New Caledonia,16
New Caledonia,16
New Caledonia,16
New Caledonia,16
New Caledonia,16
New Caledonia,16
New Caledonia,16
New Zealand,18
New Zealand,18
New Zealand,18
New Zealand,18
New Zealand,18
New Zealand,18
New Zealand,18
New Zealand,18
New Zealand,18
New Zealand,18
New Zealand,18
New Zealand,18
New Zealand,18
New Zealand,18
New Zealand,18
New Zealand,18
New Zealand,18
New Zealand,18
New Zealand,18
New Zealand,18
New Zealand,18
Nicaragua,55
Nicaragua,55
Nicaragua,55
Nicaragua,55
Nicaragua,55
Nicaragua,55
Nicaragua,55
Nicaragua,55
Nicaragua,55
Nicaragua,55
Nicaragua,55
Nicaragua,55
Nicaragua,55
Nicaragua,55
Nicaragua,55
Nicaragua,55
Nicaragua,55
Nicaragua,55
Nicaragua,55
Nicaragua,55
Nicaragua,55
Niger,19
Niger,19
Niger,19
Niger,19
Niger,19
Niger,19
Niger,19
Niger,19
Niger,19
Niger,19
Niger,19
Niger,19
Niger,19
Niger,19
Niger,19
Niger,19
Niger,19
Niger,19
Niger,19
Niger,19
Niger,19
Nigeria,226
Nigeria,226
Nigeria,226
Nigeria,226
Nigeria,226
Nigeria,226
Nigeria,226
Nigeria,226
Nigeria,226
Nigeria,226
Nigeria,226
Nigeria,226
Nigeria,226
Nigeria,226
Nigeria,226
Nigeria,226
Nigeria,226
Nigeria,226
Nigeria,226
Nigeria,226
Nigeria,226
North Macedonia,83
North Macedonia,83
North Macedonia,83
North Macedonia,83
North Macedonia,83
North Macedonia,83
North Macedonia,83
North Macedonia,83
North Macedonia,83
North Macedonia,83
North Macedonia,83
North Macedonia,83
North Macedonia,83
North Macedonia,83
North Macedonia,83
North Macedonia,83
North Macedonia,83
North Macedonia,83
North Macedonia,83
North Macedonia,83
North Macedonia,83
Norway,15
Norway,15
Norway,15
Norway,15
Norway,15
Norway,15
Norway,15
Norway,15
Norway,15
Norway,15
Norway,15
Norway,15
Norway,15
Norway,15
Norway,15
Norway,15
Norway,15
Norway,15
Norway,15
Norway,15
Norway,15
Oman,16
Oman,16
Oman,16
Oman,16
Oman,16
Oman,16
Oman,16
Oman,16
Oman,16
Oman,16
Oman,16
Oman,16
Oman,16
Oman,16
Oman,16
Oman,16
Oman,16
Oman,16
Oman,16
Oman,16
Oman,16
Pakistan,287
Pakistan,287
Pakistan,287
Pakistan,287
Pakistan,287
Pakistan,287
Pakistan,287
Pakistan,287
Pakistan,287
Pakistan,287
Pakistan,287
Pakistan,287
Pakistan,287
Pakistan,287
Pakistan,287
Pakistan,287
Pakistan,287
Pakistan,287
Pakistan,287
Pakistan,287
Pakistan,287
Panama,58
Panama,58
Panama,58
Panama,58
Panama,58
Panama,58
Panama,58
Panama,58
Panama,58
Panama,58
Panama,58
Panama,58
Panama,58
Panama,58
Panama,58
Panama,58
Panama,58
Panama,58
Panama,58
Panama,58
Panama,58
Papua New Guinea,20
Papua New Guinea,20
Papua New Guinea,20
Papua New Guinea,20
Papua New Guinea,20
Papua New Guinea,20
Papua New Guinea,20
Papua New Guinea,20
Papua New Guinea,20
Papua New Guinea,20
Papua New Guinea,20
Papua New Guinea,20
Papua New Guinea,20
Papua New Guinea,20
Papua New Guinea,20
Papua New Guinea,20
Papua New Guinea,20
Papua New Guinea,20
Papua New Guinea,20
Papua New Guinea,20
Papua New Guinea,20
Paraguay,18
Paraguay,18
Paraguay,18
Paraguay,18
Paraguay,18
Paraguay,18
Paraguay,18
Paraguay,18
Paraguay,18
Paraguay,18
Paraguay,18
Paraguay,18
Paraguay,18
Paraguay,18
Paraguay,18
Paraguay,18
Paraguay,18
Paraguay,18
Paraguay,18
Paraguay,18
Paraguay,18
Peru,26
Peru,26
Peru,26
Peru,26
Peru,26
Peru,26
Peru,26
Peru,26
Peru,26
Peru,26
Peru,26
Peru,26
Peru,26
Peru,26
Peru,26
Peru,26
Peru,26
Peru,26
Peru,26
Peru,26
Peru,26
Philippines,368
Philippines,368
Philippines,368
Philippines,368
Philippines,368
Philippines,368
Philippines,368
Philippines,368
Philippines,368
Philippines,368
Philippines,368
Philippines,368
Philippines,368
Philippines,368
Philippines,368
Philippines,368
Philippines,368
Philippines,368
Philippines,368
Philippines,368
Philippines,368
Poland,124
Poland,124
Poland,124
Poland,124
Poland,124
Poland,124
Poland,124
Poland,124
Poland,124
Poland,124
Poland,124
Poland,124
Poland,124
Poland,124
Poland,124
Poland,124
Poland,124
Poland,124
Poland,124
Poland,124
Poland,124
Portugal,111
Portugal,111
Portugal,111
Portugal,111
Portugal,111
Portugal,111
Portugal,111
Portugal,111
Portugal,111
Portugal,111
Portugal,111
Portugal,111
Portugal,111
Portugal,111
Portugal,111
Portugal,111
Portugal,111
Portugal,111
Portugal,111
Portugal,111
Portugal,111
Puerto Rico,368
Puerto Rico,368
Puerto Rico,368
Puerto Rico,368
Puerto Rico,368
Puerto Rico,368
Puerto Rico,368
Puerto Rico,368
Puerto Rico,368
Puerto Rico,368
Puerto Rico,368
Puerto Rico,368
Puerto Rico,368
Puerto Rico,368
Puerto Rico,368
Puerto Rico,368
Puerto Rico,368
Puerto Rico,368
Puerto Rico,368
Puerto Rico,368
Puerto Rico,368
Qatar,248
Qatar,248
Qatar,248
Qatar,248
Qatar,248
Qatar,248
Qatar,248
Qatar,248
Qatar,248
Qatar,248
Qatar,248
Qatar,248
Qatar,248
Qatar,248
Qatar,248
Qatar,248
Qatar,248
Qatar,248
Qatar,248
Qatar,248
Qatar,248
Romania,84
Romania,84
Romania,84
Romania,84
Romania,84
Romania,84
Romania,84
Romania,84
Romania,84
Romania,84
Romania,84
Romania,84
Romania,84
Romania,84
Romania,84
Romania,84
Romania,84
Romania,84
Romania,84
Romania,84
Romania,84
Rwanda,525
Rwanda,525
Rwanda,525
Rwanda,525
Rwanda,525
Rwanda,525
Rwanda,525
Rwanda,525
Rwanda,525
Rwanda,525
Rwanda,525
Rwanda,525
Rwanda,525
Rwanda,525
Rwanda,525
Rwanda,525
Rwanda,525
Rwanda,525
Rwanda,525
Rwanda,525
Rwanda,525
Saint Kitts and Nevis,205
Saint Kitts and Nevis,205
Saint Kitts and Nevis,205
Saint Kitts and Nevis,205
Saint Kitts and Nevis,205
Saint Kitts and Nevis,205
Saint Kitts and Nevis,205
Saint Kitts and Nevis,205
Saint Kitts and Nevis,205
Saint Kitts and Nevis,205
Saint Kitts and Nevis,205
Saint Kitts and Nevis,205
Saint Kitts and Nevis,205
Saint Kitts and Nevis,205
Saint Kitts and Nevis,205
Saint Kitts and Nevis,205
Saint Kitts and Nevis,205
Saint Kitts and Nevis,205
Saint Kitts and Nevis,205
Saint Kitts and Nevis,205
Saint Kitts and Nevis,205
Saint Lucia,301
Saint Lucia,301
Saint Lucia,301
Saint Lucia,301
Saint Lucia,301
Saint Lucia,301
Saint Lucia,301
Saint Lucia,301
Saint Lucia,301
Saint Lucia,301
Saint Lucia,301
Saint Lucia,301
Saint Lucia,301
Saint Lucia,301
Saint Lucia,301
Saint Lucia,301
Saint Lucia,301
Saint Lucia,301
Saint Lucia,301
Saint Lucia,301
Saint Lucia,301
Saint Vincent and the Grenadines,284
Saint Vincent and the Grenadines,284
Saint Vincent and the Grenadines,284
Saint Vincent and the Grenadines,284
Saint Vincent and the Grenadines,284
Saint Vincent and the Grenadines,284
Saint Vincent and the Grenadines,284
Saint Vincent and the Grenadines,284
Saint Vincent and the Grenadines,284
Saint Vincent and the Grenadines,284
Saint Vincent and the Grenadines,284
Saint Vincent and the Grenadines,284
Saint Vincent and the Grenadines,284
Saint Vincent and the Grenadines,284
Saint Vincent and the Grenadines,284
Saint Vincent and the Grenadines,284
Saint Vincent and the Grenadines,284
Saint Vincent and the Grenadines,284
Saint Vincent and the Grenadines,284
Saint Vincent and the Grenadines,284
Saint Vincent and the Grenadines,284
Samoa,70
Samoa,70
Samoa,70
Samoa,70
Samoa,70
Samoa,70
Samoa,70
Samoa,70
Samoa,70
Samoa,70
Samoa,70
Samoa,70
Samoa,70
Samoa,70
Samoa,70
Samoa,70
Samoa,70
Samoa,70
Samoa,70
Samoa,70
Samoa,70
Sao Tome and Principe,242
Sao Tome and Principe,242
Sao Tome and Principe,242
Sao Tome and Principe,242
Sao Tome and Principe,242
Sao Tome and Principe,242
Sao Tome and Principe,242
Sao Tome and Principe,242
Sao Tome and Principe,242
Sao Tome and Principe,242
Sao Tome and Principe,242
Sao Tome and Principe,242
Sao Tome and Principe,242
Sao Tome and Principe,242
Sao Tome and Principe,242
Sao Tome and Principe,242
Sao Tome and Principe,242
Sao Tome and Principe,242
Sao Tome and Principe,242
Sao Tome and Principe,242
Sao Tome and Principe,242
Saudi Arabia,16
Saudi Arabia,16
Saudi Arabia,16
Saudi Arabia,16
Saudi Arabia,16
Saudi Arabia,16
Saudi Arabia,16
Saudi Arabia,16
Saudi Arabia,16
Saudi Arabia,16
Saudi Arabia,16
Saudi Arabia,16
Saudi Arabia,16
Saudi Arabia,16
Saudi Arabia,16
Saudi Arabia,16
Saudi Arabia,16
Saudi Arabia,16
Saudi Arabia,16
Saudi Arabia,16
Saudi Arabia,16
Senegal,87
Senegal,87
Senegal,87
Senegal,87
Senegal,87
Senegal,87
Senegal,87
Senegal,87
Senegal,87
Senegal,87
Senegal,87
Senegal,87
Senegal,87
Senegal,87
Senegal,87
Senegal,87
Senegal,87
Senegal,87
Senegal,87
Senegal,87
Senegal,87
Serbia,100
Serbia,100
Serbia,100
Serbia,100
Serbia,100
Serbia,100
Serbia,100
Serbia,100
Serbia,100
Serbia,100
Serbia,100
Serbia,100
Serbia,100
Serbia,100
Seychelles,214
Seychelles,214
Seychelles,214
Seychelles,214
Seychelles,214
Seychelles,214
Seychelles,214
Seychelles,214
Seychelles,214
Seychelles,214
Seychelles,214
Seychelles,214
Seychelles,214
Seychelles,214
Seychelles,214
Seychelles,214
Seychelles,214
Seychelles,214
Seychelles,214
Seychelles,214
Seychelles,214
Sierra Leone,111
Sierra Leone,111
Sierra Leone,111
Sierra Leone,111
Sierra Leone,111
Sierra Leone,111
Sierra Leone,111
Sierra Leone,111
Sierra Leone,111
Sierra Leone,111
Sierra Leone,111
Sierra Leone,111
Sierra Leone,111
Sierra Leone,111
Sierra Leone,111
Sierra Leone,111
Sierra Leone,111
Sierra Leone,111
Sierra Leone,111
Sierra Leone,111
Sierra Leone,111
Singapore,"8,358"
Singapore,"8,358"
Singapore,"8,358"
Singapore,"8,358"
Singapore,"8,358"
Singapore,"8,358"
Singapore,"8,358"
Singapore,"8,358"
Singapore,"8,358"
Singapore,"8,358"
Singapore,"8,358"
Singapore,"8,358"
Singapore,"8,358"
Singapore,"8,358"
Singapore,"8,358"
Singapore,"8,358"
Singapore,"8,358"
Singapore,"8,358"
Singapore,"8,358"
Singapore,"8,358"
Singapore,"8,358"
Slovakia,114
Slovakia,114
Slovakia,114
Slovakia,114
Slovakia,114
Slovakia,114
Slovakia,114
Slovakia,114
Slovakia,114
Slovakia,114
Slovakia,114
Slovakia,114
Slovakia,114
Slovakia,114
Slovakia,114
Slovakia,114
Slovakia,114
Slovakia,114
Slovakia,114
Slovakia,114
Slovakia,114
Slovenia,103
Slovenia,103
Slovenia,103
Slovenia,103
Slovenia,103
Slovenia,103
Slovenia,103
Slovenia,103
Slovenia,103
Slovenia,103
Slovenia,103
Slovenia,103
Slovenia,103
Slovenia,103
Slovenia,103
Slovenia,103
Slovenia,103
Slovenia,103
Slovenia,103
Slovenia,103
Slovenia,103
Solomon Islands,25
Solomon Islands,25
Solomon Islands,25
Solomon Islands,25
Solomon Islands,25
Solomon Islands,25
Solomon Islands,25
Solomon Islands,25
Solomon Islands,25
Solomon Islands,25
Solomon Islands,25
Solomon Islands,25
Solomon Islands,25
Solomon Islands,25
Solomon Islands,25
Solomon Islands,25
Solomon Islands,25
Solomon Islands,25
Solomon Islands,25
Solomon Islands,25
Solomon Islands,25
Somalia,25
Somalia,25
Somalia,25
Somalia,25
Somalia,25
Somalia,25
Somalia,25
Somalia,25
Somalia,25
Somalia,25
Somalia,25
Somalia,25
Somalia,25
Somalia,25
Somalia,25
Somalia,25
Somalia,25
Somalia,25
Somalia,25
Somalia,25
Somalia,25
South Africa,49
South Africa,49
South Africa,49
South Africa,49
South Africa,49
South Africa,49
South Africa,49
South Africa,49
South Africa,49
South Africa,49
South Africa,49
South Africa,49
South Africa,49
South Africa,49
South Africa,49
South Africa,49
South Africa,49
South Africa,49
South Africa,49
South Africa,49
South Africa,49
South Sudan,18
South Sudan,18
South Sudan,18
South Sudan,18
South Sudan,18
South Sudan,18
South Sudan,18
South Sudan,18
Spain,94
Spain,94
Spain,94
Spain,94
Spain,94
Spain,94
Spain,94
Spain,94
Spain,94
Spain,94
Spain,94
Spain,94
Spain,94
Spain,94
Spain,94
Spain,94
Spain,94
Spain,94
Spain,94
Spain,94
Spain,94
Sri Lanka,341
Sri Lanka,341
Sri Lanka,341
Sri Lanka,341
Sri Lanka,341
Sri Lanka,341
Sri Lanka,341
Sri Lanka,341
Sri Lanka,341
Sri Lanka,341
Sri Lanka,341
Sri Lanka,341
Sri Lanka,341
Sri Lanka,341
Sri Lanka,341
Sri Lanka,341
Sri Lanka,341
Sri Lanka,341
Sri Lanka,341
Sri Lanka,341
Sri Lanka,341
Sudan,25
Sudan,25
Sudan,25
Sudan,25
Sudan,25
Sudan,25
Sudan,25
Sudan,25
Sudan,25
Sudan,25
Sudan,25
Sudan,25
Sudan,25
Sudan,25
Sudan,25
Sudan,25
Sudan,25
Sudan,25
Sudan,25
Sudan,25
Sudan,25
Suriname,4
Suriname,4
Suriname,4
Suriname,4
Suriname,4
Suriname,4
Suriname,4
Suriname,4
Suriname,4
Suriname,4
Suriname,4
Suriname,4
Suriname,4
Suriname,4
Suriname,4
Suriname,4
Suriname,4
Suriname,4
Suriname,4
Suriname,4
Suriname,4
Sweden,25
Sweden,25
Sweden,25
Sweden,25
Sweden,25
Sweden,25
Sweden,25
Sweden,25
Sweden,25
Sweden,25
Sweden,25
Sweden,25
Sweden,25
Sweden,25
Sweden,25
Sweden,25
Sweden,25
Sweden,25
Sweden,25
Sweden,25
Sweden,25
Switzerland,219
Switzerland,219
Switzerland,219
Switzerland,219
Switzerland,219
Switzerland,219
Switzerland,219
Switzerland,219
Switzerland,219
Switzerland,219
Switzerland,219
Switzerland,219
Switzerland,219
Switzerland,219
Switzerland,219
Switzerland,219
Switzerland,219
Switzerland,219
Switzerland,219
Switzerland,219
Switzerland,219
Tajikistan,68
Tajikistan,68
Tajikistan,68
Tajikistan,68
Tajikistan,68
Tajikistan,68
Tajikistan,68
Tajikistan,68
Tajikistan,68
Tajikistan,68
Tajikistan,68
Tajikistan,68
Tajikistan,68
Tajikistan,68
Tajikistan,68
Tajikistan,68
Tajikistan,68
Tajikistan,68
Tajikistan,68
Tajikistan,68
Tajikistan,68
Thailand,137
Thailand,137
Thailand,137
Thailand,137
Thailand,137
Thailand,137
Thailand,137
Thailand,137
Thailand,137
Thailand,137
Thailand,137
Thailand,137
Thailand,137
Thailand,137
Thailand,137
Thailand,137
Thailand,137
Thailand,137
Thailand,137
Thailand,137
Thailand,137
Togo,152
Togo,152
Togo,152
Togo,152
Togo,152
Togo,152
Togo,152
Togo,152
Togo,152
Togo,152
Togo,152
Togo,152
Togo,152
Togo,152
Togo,152
Togo,152
Togo,152
Togo,152
Togo,152
Togo,152
Togo,152
Tonga,147
Tonga,147
Tonga,147
Tonga,147
Tonga,147
Tonga,147
Tonga,147
Tonga,147
Tonga,147
Tonga,147
Tonga,147
Tonga,147
Tonga,147
Tonga,147
Tonga,147
Tonga,147
Tonga,147
Tonga,147
Tonga,147
Tonga,147
Tonga,147
Trinidad and Tobago,273
Trinidad and Tobago,273
Trinidad and Tobago,273
Trinidad and Tobago,273
Trinidad and Tobago,273
Trinidad and Tobago,273
Trinidad and Tobago,273
Trinidad and Tobago,273
Trinidad and Tobago,273
Trinidad and Tobago,273
Trinidad and Tobago,273
Trinidad and Tobago,273
Trinidad and Tobago,273
Trinidad and Tobago,273
Trinidad and Tobago,273
Trinidad and Tobago,273
Trinidad and Tobago,273
Trinidad and Tobago,273
Trinidad and Tobago,273
Trinidad and Tobago,273
Trinidad and Tobago,273
Tunisia,76
Tunisia,76
Tunisia,76
Tunisia,76
Tunisia,76
Tunisia,76
Tunisia,76
Tunisia,76
Tunisia,76
Tunisia,76
Tunisia,76
Tunisia,76
Tunisia,76
Tunisia,76
Tunisia,76
Tunisia,76
Tunisia,76
Tunisia,76
Tunisia,76
Tunisia,76
Tunisia,76
Turkey,110
Turkey,110
Turkey,110
Turkey,110
Turkey,110
Turkey,110
Turkey,110
Turkey,110
Turkey,110
Turkey,110
Turkey,110
Turkey,110
Turkey,110
Turkey,110
Turkey,110
Turkey,110
Turkey,110
Turkey,110
Turkey,110
Turkey,110
Turkey,110
Turkmenistan,13
Turkmenistan,13
Turkmenistan,13
Turkmenistan,13
Turkmenistan,13
Turkmenistan,13
Turkmenistan,13
Turkmenistan,13
Turkmenistan,13
Turkmenistan,13
Turkmenistan,13
Turkmenistan,13
Turkmenistan,13
Turkmenistan,13
Turkmenistan,13
Turkmenistan,13
Turkmenistan,13
Turkmenistan,13
Turkmenistan,13
Turkmenistan,13
Turkmenistan,13
Tuvalu,393
Tuvalu,393
Tuvalu,393
Tuvalu,393
Tuvalu,393
Tuvalu,393
Tuvalu,393
Tuvalu,393
Tuvalu,393
Tuvalu,393
Tuvalu,393
Tuvalu,393
Tuvalu,393
Tuvalu,393
Tuvalu,393
Tuvalu,393
Tuvalu,393
Tuvalu,393
Tuvalu,393
Tuvalu,393
Tuvalu,393
Uganda,229
Uganda,229
Uganda,229
Uganda,229
Uganda,229
Uganda,229
Uganda,229
Uganda,229
Uganda,229
Uganda,229
Uganda,229
Uganda,229
Uganda,229
Uganda,229
Uganda,229
Uganda,229
Uganda,229
Uganda,229
Uganda,229
Uganda,229
Uganda,229
Ukraine,75
Ukraine,75
Ukraine,75
Ukraine,75
Ukraine,75
Ukraine,75
Ukraine,75
Ukraine,75
Ukraine,75
Ukraine,75
Ukraine,75
Ukraine,75
Ukraine,75
Ukraine,75
Ukraine,75
Ukraine,75
Ukraine,75
Ukraine,75
Ukraine,75
Ukraine,75
Ukraine,75
United Arab Emirates,118
United Arab Emirates,118
United Arab Emirates,118
United Arab Emirates,118
United Arab Emirates,118
United Arab Emirates,118
United Arab Emirates,118
United Arab Emirates,118
United Arab Emirates,118
United Arab Emirates,118
United Arab Emirates,118
United Arab Emirates,118
United Arab Emirates,118
United Arab Emirates,118
United Arab Emirates,118
United Arab Emirates,118
United Arab Emirates,118
United Arab Emirates,118
United Arab Emirates,118
United Arab Emirates,118
United Arab Emirates,118
United Kingdom,281
United Kingdom,281
United Kingdom,281
United Kingdom,281
United Kingdom,281
United Kingdom,281
United Kingdom,281
United Kingdom,281
United Kingdom,281
United Kingdom,281
United Kingdom,281
United Kingdom,281
United Kingdom,281
United Kingdom,281
United Kingdom,281
United Kingdom,281
United Kingdom,281
United Kingdom,281
United Kingdom,281
United Kingdom,281
United Kingdom,281
United States,36
United States,36
United States,36
United States,36
United States,36
United States,36
United States,36
United States,36
United States,36
United States,36
United States,36
United States,36
United States,36
United States,36
United States,36
United States,36
United States,36
United States,36
United States,36
United States,36
United States,36
Uruguay,20
Uruguay,20
Uruguay,20
Uruguay,20
Uruguay,20
Uruguay,20
Uruguay,20
Uruguay,20
Uruguay,20
Uruguay,20
Uruguay,20
Uruguay,20
Uruguay,20
Uruguay,20
Uruguay,20
Uruguay,20
Uruguay,20
Uruguay,20
Uruguay,20
Uruguay,20
Uruguay,20
Uzbekistan,79
Uzbekistan,79
Uzbekistan,79
Uzbekistan,79
Uzbekistan,79
Uzbekistan,79
Uzbekistan,79
Uzbekistan,79
Uzbekistan,79
Uzbekistan,79
Uzbekistan,79
Uzbekistan,79
Uzbekistan,79
Uzbekistan,79
Uzbekistan,79
Uzbekistan,79
Uzbekistan,79
Uzbekistan,79
Uzbekistan,79
Uzbekistan,79
Uzbekistan,79
Vanuatu,25
Vanuatu,25
Vanuatu,25
Vanuatu,25
Vanuatu,25
Vanuatu,25
Vanuatu,25
Vanuatu,25
Vanuatu,25
Vanuatu,25
Vanuatu,25
Vanuatu,25
Vanuatu,25
Vanuatu,25
Vanuatu,25
Vanuatu,25
Vanuatu,25
Vanuatu,25
Vanuatu,25
Vanuatu,25
Vanuatu,25
Yemen,56
Yemen,56
Yemen,56
Yemen,56
Yemen,56
Yemen,56
Yemen,56
Yemen,56
Yemen,56
Yemen,56
Yemen,56
Yemen,56
Yemen,56
Yemen,56
Yemen,56
Yemen,56
Yemen,56
Yemen,56
Yemen,56
Yemen,56
Yemen,56
Zambia,25
Zambia,25
Zambia,25
Zambia,25
Zambia,25
Zambia,25
Zambia,25
Zambia,25
Zambia,25
Zambia,25
Zambia,25
Zambia,25
Zambia,25
Zambia,25
Zambia,25
Zambia,25
Zambia,25
Zambia,25
Zambia,25
Zambia,25
Zambia,25
Zimbabwe,38
Zimbabwe,38
Zimbabwe,38
Zimbabwe,38
Zimbabwe,38
Zimbabwe,38
Zimbabwe,38
Zimbabwe,38
Zimbabwe,38
Zimbabwe,38
Zimbabwe,38
Zimbabwe,38
Zimbabwe,38
Zimbabwe,38
Zimbabwe,38
Zimbabwe,38
Zimbabwe,38
Zimbabwe,38
Zimbabwe,38
Zimbabwe,38
Zimbabwe,38
